Date,Time,Company,Headline,URL
Mar-06-24,04:45PM,AAPL,Magnificent Seven's AI plays are losing investor interest,https://finance.yahoo.com/video/magnificent-sevens-ai-plays-losing-214505243.html
Mar-06-24,04:45PM,AAPL,"Magnificent Seven Stocks To Buy And Watch: Nvidia Hits Record High, Tesla Slides",https://finance.yahoo.com/m/4205eaa9-f620-3a0b-a81a-0e82c7c9fd0b/magnificent-seven-stocks-to.html
Mar-06-24,04:45PM,AAPL,Super Micro Computer Stock Hits New High Amid Optimism About AI-Related Growth,https://www.investopedia.com/super-micro-computer-stock-hits-new-high-amid-optimism-about-ai-related-growth-8605262
Mar-06-24,04:45PM,AAPL,Apple stock extends declines for sixth day,https://finance.yahoo.com/video/apple-stock-extends-declines-sixth-212029115.html
Mar-06-24,04:45PM,AAPL,Apple Stock Is Down for the 6th Straight Day. Where Its Heading Next.,https://finance.yahoo.com/m/79c880a5-9659-3f26-b734-551ca28f34bd/apple-stock-is-down-for-the.html
Mar-06-24,04:45PM,AAPL,ChatGPT: Everything you need to know about the AI-powered chatbot,https://finance.yahoo.com/m/aa382e73-42e4-3552-ab3e-b38e8088ad2b/chatgpt%3A-everything-you-need.html
Mar-06-24,04:45PM,AAPL,"Apple stock could be 'slaughtered' if Warren Buffett sells more of it, analyst warns",https://qz.com/apple-stock-warren-buffett-berkshire-hathaway-analyst-1851313140
Mar-06-24,04:45PM,AAPL,OpenAIs success has put a huge target on its back,https://finance.yahoo.com/news/openais-success-has-put-a-huge-target-on-its-back-191251715.html
Mar-06-24,04:45PM,AAPL,Epic Games Says Apple Terminated Its Developer Account,https://finance.yahoo.com/m/99d5937d-7a05-3275-a5d4-0cce1579a329/epic-games-says-apple.html
Mar-06-24,04:45PM,AAPL,SEC adopts landmark climate rule  here's what that means for public companies,https://finance.yahoo.com/news/sec-adopts-landmark-climate-rule--heres-what-that-means-for-public-companies-172839134.html
Mar-06-24,04:45PM,AAPL,Apple releases a new API to fetch transactions from Apple Card and Apple Cash,https://finance.yahoo.com/m/90429a80-3c7f-313c-b6db-f1fb6bd5ef8a/apple-releases-a-new-api-to.html
Mar-06-24,04:45PM,AAPL,UPDATE 4-Apple escalates Epic Games feud by blocking Fortnite app in EU,https://finance.yahoo.com/news/1-apple-terminates-developer-account-164903431.html
Mar-06-24,04:45PM,AAPL,Apple Looks Most Oversold in Years After $200 Billion Selloff,https://finance.yahoo.com/news/apple-looks-most-oversold-years-162621064.html
Mar-06-24,04:45PM,AAPL,"EU Fines Apple $2B for Not Giving Spotify a Free Pass, The European Commission's Missing Logic, Apple's Response",https://www.aboveavalon.com/notes/2024/3/6/eu-fines-apple-2b-for-not-giving-spotify-a-free-pass-the-european-commissions-missing-logic-apples-response
Mar-06-24,04:45PM,AAPL,"Stocks bounce back from tech selloff, opening in the green",https://finance.yahoo.com/video/stocks-bounce-back-tech-selloff-145149915.html
Mar-06-24,04:45PM,AAPL,Apple Stock Held $170. What the Charts Say About Where Its Heading Next.,https://finance.yahoo.com/m/79c880a5-9659-3f26-b734-551ca28f34bd/apple-stock-held-%24170.-what.html
Mar-06-24,04:45PM,AAPL,Trade of the Day: Profit Off Recent Weakness in Apple (AAPL) Stock,https://investorplace.com/2024/03/trade-of-the-day-profit-off-recent-weakness-in-apple-aapl-stock/
Mar-06-24,04:45PM,AAPL,Apple's Big Failure in Autonomous Driving,https://finance.yahoo.com/m/ee20a2ba-110d-3d5c-a732-883f71baded1/apple%27s-big-failure-in.html
Mar-06-24,04:45PM,AAPL,Fed Chair Powell is about to get grilled by Congress. Heres what markets want to hear,https://finance.yahoo.com/m/022152eb-a7a8-3c18-a4cf-66ae885808be/fed-chair-powell-is-about-to.html
Mar-06-24,04:45PM,AAPL,"If Apple Has Something Up Its Sleeve, Now's the Time",https://www.bloomberg.com/opinion/articles/2024-03-06/apple-iphone-china-slump-if-company-has-something-up-its-sleeve-now-s-the-time
Mar-06-24,04:45PM,AAPL,Apple tweaks changes to comply with EU tech rules after criticism,https://finance.yahoo.com/news/apple-tweaks-changes-comply-eu-114647455.html
Mar-06-24,04:45PM,AAPL,"Apple's China sales plunge by a quarter in first 6 weeks as resurgent Huawei steals the show, according to Counterpoint",https://finance.yahoo.com/news/apples-china-sales-plunge-quarter-093000587.html
Mar-06-24,04:45PM,AAPL,Europe's Digital Markets Act is forcing tech giants to make changes. Here's what that will look like,https://finance.yahoo.com/news/europes-digital-markets-act-forcing-051231799.html
Mar-05-24,09:00PM,AAPL,"Apple's slump is a buying opportunity, says Wedbush's Dan Ives",https://www.youtube.com/watch?v=PuQx9vs9Aek
Mar-05-24,09:00PM,AAPL,Analyst Report: Apple Inc.,https://finance.yahoo.com/m/2ca72e5a-86ea-3473-a52a-d0f17eb32777/analyst-report%3A-apple-inc..html
Mar-05-24,09:00PM,AAPL,"Apple revises its DMA rules after pressure, but keeps the Core Technology Fee intact",https://finance.yahoo.com/m/77ea2275-f20c-305b-aa76-6bc584a03016/apple-revises-its-dma-rules.html
Mar-05-24,09:00PM,AAPL,Deepwater's Gene Munster lays out the bull case for Apple ahead of its AI rollout,https://www.youtube.com/watch?v=is8-LBwyhPo
Mar-05-24,09:00PM,AAPL,Capital Wealth's Kevin Simpson breaks down buying opportunities in Apple on weakness,https://www.youtube.com/watch?v=6OnjUyzSPKo
Mar-05-24,09:00PM,AAPL,Tech Giants Drag Down US Stocks After Torrid Rally: Markets Wrap,https://finance.yahoo.com/news/tech-giants-drag-down-us-221528886.html
Mar-05-24,09:00PM,AAPL,Apple iPhone sales in China plummet 24% as Huawei smartphone sales surge,https://finance.yahoo.com/news/apple-iphone-sales-china-plummet-221246351.html
Mar-05-24,09:00PM,AAPL,S&P 500 Gains and Losses Today: Target Stock Jumps After Strong Holiday Quarter,https://www.investopedia.com/s-and-p-500-gains-and-losses-today-target-stock-jumps-after-strong-holiday-quarter-8604614
Mar-05-24,09:00PM,AAPL,Why optimism for Apple must be delayed: Analyst,https://finance.yahoo.com/video/why-optimism-apple-must-delayed-214852585.html
Mar-05-24,09:00PM,AAPL,Apple Stock Drops On China iPhone Sales Woes. What Will Warren Buffett Do?,https://finance.yahoo.com/m/88a38f92-7a34-374f-9f3a-b74b3300283a/apple-stock-drops-on-china.html
Mar-05-24,09:00PM,AAPL,Apple iPhones sales fall 24% in China amid competition and headwinds,https://finance.yahoo.com/m/3ec3131a-9657-39b0-a65e-7e1168977c3d/apple-iphones-sales-fall-24%25.html
Mar-05-24,09:00PM,AAPL,"US STOCKS-Tech-heavy Nasdaq leads Wall Street lower as megacaps, chips slide",https://finance.yahoo.com/news/us-stocks-tech-heavy-nasdaq-212825396.html
Mar-05-24,09:00PM,AAPL,"China iPhone sales plunge 24%, report finds",https://www.youtube.com/watch?v=NONRDS7Rpjg
Mar-05-24,09:00PM,AAPL,Apple Shares Are Tanking. Here Are Levels Traders Are Watching,https://finance.yahoo.com/news/apple-shares-tanking-levels-traders-202301385.html
Mar-05-24,09:00PM,AAPL,VUG vs. VGT: Which Tech-Heavy ETF Is the Better Buy?,https://finance.yahoo.com/news/vug-vs-vgt-tech-heavy-194624798.html
Mar-05-24,09:00PM,AAPL,YouTube and Facebook hit by mass tech outage,https://finance.yahoo.com/m/6275c313-b1bd-3b88-973a-19a79cf3a5e1/youtube-and-facebook-hit-by.html
Mar-05-24,09:00PM,AAPL,Today's Dow Jones Stocks To Watch: Apple Stock Dives On Slowing iPhone Sales,https://finance.yahoo.com/m/65b53896-faf4-3a06-9d0d-a63cf3c83192/today%27s-dow-jones-stocks-to.html
Mar-05-24,09:00PM,AAPL,"Top Stock Movers Now: Target, Apple, Tesla, and More",https://www.investopedia.com/top-stock-movers-now-target-apple-tesla-and-more-8604377
Mar-05-24,09:00PM,AAPL,"Federal appeals court throws out lawsuit against Apple, Google, Tesla and other tech giants over alleged child labor in Congo",https://finance.yahoo.com/m/4e36ce15-cfcc-3a0e-b7f4-f3f8d318cfde/federal-appeals-court-throws.html
Mar-05-24,09:00PM,AAPL,Apple Stock Is Falling. What the Charts Say About Where Its Heading Next.,https://finance.yahoo.com/m/79c880a5-9659-3f26-b734-551ca28f34bd/apple-stock-is-falling.-what.html
Mar-05-24,09:00PM,AAPL,"RPT-UPDATE 3-US court sides with Apple, Tesla, other tech companies over child labor in Africa",https://finance.yahoo.com/news/rpt-3-us-court-sides-184413536.html
Mar-05-24,09:00PM,AAPL,Cathy Hackl on Spatial Computing,https://finance.yahoo.com/m/db8e9419-412e-3bf8-8341-a8c01789d4df/cathy-hackl-on-spatial.html
Mar-05-24,09:00PM,AAPL,Apple shares touch a 4-month low,https://www.youtube.com/watch?v=cTncTPylZQ8
Mar-05-24,09:00PM,AAPL,Apple iPhone sales plunge 24% in China,https://www.youtube.com/watch?v=rytrswAfB60
Mar-05-24,09:00PM,AAPL,Warren Buffetts Berkshire Hathaway Holds the Key for Apple Stock,https://finance.yahoo.com/m/d5e4de21-731a-31c0-b053-928f55f94089/warren-buffett%E2%80%99s-berkshire.html
Mar-05-24,09:00PM,AAPL,Apple Stock Is Falling. Why More Pain Could Lie Ahead.,https://finance.yahoo.com/m/79c880a5-9659-3f26-b734-551ca28f34bd/apple-stock-is-falling.-why.html
Mar-05-24,09:00PM,AAPL,"Goodbye, Project Titan",https://finance.yahoo.com/m/8326d28c-6416-39fa-9255-921a3e92fbc6/goodbye%2C-project-titan.html
Mar-05-24,09:00PM,AAPL,"UPDATE 3-US court sides with Apple, Tesla, other tech companies over child labor in Africa",https://finance.yahoo.com/news/1-apple-tesla-other-tech-170331083.html
Mar-05-24,09:00PM,AAPL,Apple Stock Gloom Deepens as Pressure to Show AI Progress Mounts,https://finance.yahoo.com/news/apple-stock-gloom-deepens-pressure-135508873.html
Mar-05-24,09:00PM,AAPL,What the shakeup in Magnificent 7 stocks means for markets,https://finance.yahoo.com/video/shakeup-magnificent-7-stocks-means-165549896.html
Mar-05-24,09:00PM,AAPL,Apple iPhone Sales Are Slipping in China. The Stock Is Dropping.,https://finance.yahoo.com/m/d6d45fc2-f2cf-3a79-bf4a-bca1bfad7f85/apple-iphone-sales-are.html
Mar-05-24,09:00PM,AAPL,The Magnificent Seven Don't Look Magnificent Today,https://finance.yahoo.com/m/5bbd7b2f-2951-342c-9277-4da0aa4ac78f/the-magnificent-seven-don%27t.html
Mar-05-24,09:00PM,AAPL,Park Hotels & Resorts Inc. (NYSE:PK) Q4 2023 Earnings Call Transcript,https://www.insidermonkey.com/blog/park-hotels-resorts-inc-nysepk-q4-2023-earnings-call-transcript-1269214/
Mar-05-24,09:00PM,AAPL,"Magnite, Inc. (NASDAQ:MGNI) Q4 2023 Earnings Call Transcript",https://www.insidermonkey.com/blog/magnite-inc-nasdaqmgni-q4-2023-earnings-call-transcript-1269235/
Mar-05-24,09:00PM,AAPL,Masimo Corporation (NASDAQ:MASI) Q4 2023 Earnings Call Transcript,https://www.insidermonkey.com/blog/masimo-corporation-nasdaqmasi-q4-2023-earnings-call-transcript-1269216/
Mar-05-24,09:00PM,AAPL,"Looking for Growth and Dividends? Try These 2 Top ""Magnificent Seven"" Stocks",https://finance.yahoo.com/m/23db7425-cce4-3ff0-b08c-f26a417a30ec/looking-for-growth-and.html
Mar-05-24,09:00PM,AAPL,Magnificent 7 could easily become the 'Lag 7': Strategist,https://finance.yahoo.com/video/magnificent-7-could-easily-become-150203982.html
Mar-05-24,09:00PM,AAPL,"Apple doesn't necessarily need to be a leader in generative AI, says Bernstein's Toni Sacconaghi",https://www.youtube.com/watch?v=S0_g8vdKk6A
Mar-05-24,09:00PM,AAPL,Stocks dip amid persisting tech pull back concerns,https://finance.yahoo.com/video/stocks-dip-amid-persisting-tech-145046398.html
Mar-05-24,09:00PM,AAPL,"Stocks to Watch Tuesday: NIO, Apple, Target, GitLab",https://finance.yahoo.com/m/c930d51e-10ca-38e1-bd5b-938202c0a9f5/stocks-to-watch-tuesday%3A-nio%2C.html
Mar-05-24,09:00PM,AAPL,"Apple Adds Dozens of Licensed Movies to Apple TV+, More Signs of Apple TV+ Momentum, Apple Video Revenue Drivers",https://www.aboveavalon.com/notes/2024/3/5/apple-adds-dozens-of-licensed-movies-to-apple-tv-plus-more-signs-of-apple-tv-plus-momentum-apple-video-revenue-drivers
Mar-05-24,09:00PM,AAPL,Spotify CEO Daniel Ek takes aim at Apple in video message following $1.84 billion court victory: They want to close down the internet and make it theirs,https://finance.yahoo.com/news/spotify-ceo-daniel-ek-takes-140000868.html
Mar-05-24,09:00PM,AAPL,"Apple is at a lull right now in terms of disruptive innovation, says Rosenblatt's Barton Crockett",https://www.youtube.com/watch?v=wTlWoSlifz0
Mar-05-24,09:00PM,AAPL,iPhone sales plummeted in China as Apple competes with homegrown Huawei,https://qz.com/apple-iphone-sales-china-huawei-vivo-1851308057
Mar-05-24,09:00PM,AAPL,Apple's China iPhone Sales Plunge 24% in First Six Weeks of Year,https://www.investopedia.com/apple-china-iphone-sales-plunge-24-percent-in-first-six-weeks-of-year-8604198
Mar-05-24,09:00PM,AAPL,Jim Cramer's Latest Lightning Round: 11 Stock Recommendations,https://www.insidermonkey.com/blog/jim-cramers-latest-lightning-round-11-stock-recommendations-1269000/
Mar-05-24,09:00PM,AAPL,5 Things to Know Before the Stock Market Opens,https://www.investopedia.com/5-things-to-know-before-the-stock-market-opens-march-5-2024-8604190
Mar-05-24,09:00PM,AAPL,"Target earnings top estimates, Apple iPhone sales plunge in China: Yahoo Finance Live",https://finance.yahoo.com/video/target-earnings-top-estimates-apple-123021923.html
Mar-05-24,09:00PM,AAPL,Apple iPhone China Sales Are Slipping. The Stock Is Dropping.,https://finance.yahoo.com/m/d6d45fc2-f2cf-3a79-bf4a-bca1bfad7f85/apple-iphone-china-sales-are.html
Mar-05-24,09:00PM,AAPL,Steve Jobs once asked LVMH boss Bernard Arnault for advice on opening Apple Stores when his peers thought it was completely crazy,https://finance.yahoo.com/news/steve-jobs-once-asked-lvmh-120000816.html
Mar-05-24,09:00PM,AAPL,"Marketmind: Apple angst, Tesla tanks, Bitcoin balks",https://finance.yahoo.com/news/marketmind-apple-angst-tesla-tanks-111114122.html
Mar-05-24,09:00PM,AAPL,Apples iPhone Sales in China Fall as Huawei Gains Market Share,https://finance.yahoo.com/m/d56760c0-2965-335c-bcea-1562bdd7eae3/apple%E2%80%99s-iphone-sales-in-china.html
Mar-05-24,09:00PM,AAPL,"MORNING BID AMERICAS-Apple angst, Tesla tanks, Bitcoin balks",https://finance.yahoo.com/news/morning-bid-americas-apple-angst-110741442.html
Mar-05-24,09:00PM,AAPL,4 Warren Buffett Stocks to Hold Forever,https://finance.yahoo.com/m/b02b34c3-ea5b-33aa-8f11-7d16b3cfff45/4-warren-buffett-stocks-to.html
Mar-05-24,09:00PM,AAPL,An Apple Vision Pro rival has been in the VR game longer and gone a lot further,https://qz.com/apple-vision-pro-htc-vive-vr-ai-1851302453
Mar-05-24,09:00PM,AAPL,UPDATE 3-Apple's iPhone sales in China plunge 24% as Huawei's popularity surges,https://finance.yahoo.com/news/1-apple-china-iphone-sales-075344020.html
Mar-05-24,09:00PM,AAPL,Apple's iPhone sales in China plunge 24% as Huawei's popularity surges,https://finance.yahoo.com/news/apples-china-iphone-sales-plunge-072241775.html
Mar-05-24,09:00PM,AAPL,Apple's reliance on iPhone in India increases as other products witness sales fall,https://www.digitimes.com/news/a20240305VL201/apple-india-iphone-sales.html
Mar-05-24,09:00PM,AAPL,Greening the supply chain: Apple and ASE Holdings lead the charge to carbon neutrality,https://www.digitimes.com/news/a20240304PD211/apple-ase-group-energy-storage-carbon-neutrality.html
Mar-05-24,09:00PM,AAPL,"Apple's China iPhone sales plunge 24% in first six weeks of 2024, report says",https://finance.yahoo.com/news/apples-china-iphone-sales-plunge-062958753.html
Mar-05-24,09:00PM,AAPL,Key architect of Apple's Vision Pro hints at next career step,https://www.digitimes.com/news/a20240305PD206/apple-apple-vision-pro-hardware-it-components-peripherals.html
Mar-05-24,09:00PM,AAPL,Trump Will Take Super Tuesday. The Mag 7 Stocks Could Pay.,https://finance.yahoo.com/m/70c6137b-f960-39ae-b8e0-1264a5ce0a4e/trump-will-take-super.html
Mar-05-24,09:00PM,AAPL,AP Top Financial News at 5:06 a.m. EST,https://finance.yahoo.com/news/ap-top-financial-news-2-050000871.html
Mar-05-24,09:00PM,AAPL,AP Top Extended Financial Headlines at 7:00 a.m. EST,https://finance.yahoo.com/news/ap-top-extended-financial-headlines-050000692.html
Mar-04-24,05:45PM,AAPL,Apple Fined $2 Billion in One of Europes Largest Antitrust Actions,https://finance.yahoo.com/m/efd8599a-aabc-3cd3-b7ce-7a9172e1b949/apple-fined-%242-billion-in-one.html
Mar-04-24,05:45PM,AAPL,Gen AI and the Mag 7: The battle for AI dominance heats up,https://finance.yahoo.com/video/gen-ai-mag-7-battle-223246736.html
Mar-04-24,05:45PM,AAPL,"Niklaus Wirth, Who Inspired a Generation of Computer Programmers, Dies at 89",https://finance.yahoo.com/m/cac0a6a0-87e8-39cf-b2b0-30e3948a66ac/niklaus-wirth%2C-who-inspired-a.html
Mar-04-24,05:45PM,AAPL,Epic Games' Tim Sweeney calls out Apple's 'bitter griping' after its EU fine over anticompetitive practices,https://finance.yahoo.com/m/f6d35f7c-b1ab-3913-aaac-47d89c032651/epic-games%27-tim-sweeney-calls.html
Mar-04-24,05:45PM,AAPL,"Move on from Apple, tactically: Renaissance Macro Research CEO",https://www.youtube.com/watch?v=5Ho5S4n-asI
Mar-04-24,05:45PM,AAPL,Apple Fined $2 Billion By EU For Anticompetitive App Store Policies,https://finance.yahoo.com/m/ee9be0af-2cc2-37dd-9edf-9a71f0a79df8/apple-fined-%242-billion-by-eu.html
Mar-04-24,05:45PM,AAPL,Apple gets squeezed by antitrust regulators on both sides of the Atlantic,https://finance.yahoo.com/news/apple-gets-squeezed-by-antitrust-regulators-on-both-sides-of-the-atlantic-173238374.html
Mar-04-24,05:45PM,AAPL,"Streamer Deezer cheers Apple antitrust fine, but calls tech giant's DMA response 'deceptive'",https://finance.yahoo.com/m/85e59c60-f337-388f-a7e2-01676cf2b00a/streamer-deezer-cheers-apple.html
Mar-04-24,05:45PM,AAPL,US STOCKS-S&P 500 edges lower as investors hold their breath ahead of economic data,https://finance.yahoo.com/news/us-stocks-p-500-edges-210052070.html
Mar-04-24,05:45PM,AAPL,"Apple will find ways to 'essentially charge developers anyway,' says Deepwater's Gene Munster",https://www.youtube.com/watch?v=XsH1eCaAXus
Mar-04-24,05:45PM,AAPL,Here's why Apple should be in your portfolio,https://www.youtube.com/watch?v=NvSK3iHdXcM
Mar-04-24,05:45PM,AAPL,Apple hit with a European Union antitrust fine of nearly $2 billion,https://www.youtube.com/watch?v=_eylwxTnxuk
Mar-04-24,05:45PM,AAPL,"Stocks to Watch Monday: Apple, Spirit Airlines, Macy's, Coinbase",https://finance.yahoo.com/m/2478d784-12ff-3436-94b5-4a7a21efaa2d/stocks-to-watch-monday%3A.html
Mar-06-24,04:45PM,GOOG,Magnificent Seven's AI plays are losing investor interest,https://finance.yahoo.com/video/magnificent-sevens-ai-plays-losing-214505243.html
Mar-06-24,04:45PM,GOOG,Imagine Elon Musk as Donald Trumps boss,https://finance.yahoo.com/news/imagine-elon-musk-as-donald-trumps-boss-210601667.html
Mar-06-24,04:45PM,GOOG,UPDATE 1-Former Google engineer indicted for stealing AI secrets to aid Chinese companies,https://finance.yahoo.com/news/1-former-google-engineer-indicted-204553808.html
Mar-06-24,04:45PM,GOOG,Former Google engineer indicted for stealing AI secrets to aid Chinese companies,https://finance.yahoo.com/news/former-google-engineer-indicted-stealing-201352541.html
Mar-06-24,04:45PM,GOOG,Puma building global e-commerce platform with Google Cloud,https://chainstoreage.com/puma-building-global-e-commerce-platform-google-cloud
Mar-06-24,04:45PM,GOOG,OpenAIs success has put a huge target on its back,https://finance.yahoo.com/news/openais-success-has-put-a-huge-target-on-its-back-191251715.html
Mar-06-24,04:45PM,GOOG,OpenAI CEO Sam Altman Set To Make Millions From Reddit's IPO Despite Social Media's Giant $60 Million Deal To Sell AI-data To Competitor Google,https://finance.yahoo.com/news/openai-ceo-sam-altman-set-185810888.html
Mar-06-24,04:45PM,GOOG,"Hedge Fund and Insider Trading News: Michael Burry, David Tepper, Ken Griffin, Chris Rokos, Schonfeld Strategic Advisors, Balyasny Asset Management, Byline Bancorp Inc (BY), Sphere Entertainment Co. (SPHR), and More",https://www.insidermonkey.com/blog/hedge-fund-and-insider-trading-news-michael-burry-david-tepper-ken-griffin-chris-rokos-schonfeld-strategic-advisors-balyasny-asset-management-byline-bancorp-inc-by-sphere-entertainment-co-1270027/
Mar-06-24,04:45PM,GOOG,UnitedHealth's cyberattack should be a 'wake-up call' for healthcare,https://finance.yahoo.com/news/unitedhealths-cyberattack-should-be-a-wake-up-call-for-healthcare-183645664.html
Mar-06-24,04:45PM,GOOG,Google adds new developer fees as part of the Play Store's DMA compliance plan,https://finance.yahoo.com/m/8cef3b82-fc39-3f57-8100-1c9522add968/google-adds-new-developer.html
Mar-06-24,04:45PM,GOOG,"Airlines, hotels warn Google changes may benefit large intermediaries",https://finance.yahoo.com/news/airlines-hotels-warn-google-changes-160740143.html
Mar-06-24,04:45PM,GOOG,"If You Invested $1,000 in Alphabet in 2014, This Is How Much You Would Have Today",https://finance.yahoo.com/m/a02d8c75-2641-3510-be7c-9106c1aad6e3/if-you-invested-%241%2C000-in.html
Mar-06-24,04:45PM,GOOG,Alphabets AI Missteps Are Opportunity For One Fund Manager,https://finance.yahoo.com/news/alphabet-ai-missteps-opportunity-one-144208958.html
Mar-06-24,04:45PM,GOOG,Haleon plc (NYSE:HLN) Q4 2023 Earnings Call Transcript,https://www.insidermonkey.com/blog/haleon-plc-nysehln-q4-2023-earnings-call-transcript-1269870/
Mar-06-24,04:45PM,GOOG,SOPHiA GENETICS SA (NASDAQ:SOPH) Q4 2023 Earnings Call Transcript,https://www.insidermonkey.com/blog/sophia-genetics-sa-nasdaqsoph-q4-2023-earnings-call-transcript-1269871/
Mar-06-24,04:45PM,GOOG,"V2X, Inc. (NYSE:VVX) Q4 2023 Earnings Call Transcript",https://www.insidermonkey.com/blog/v2x-inc-nysevvx-q4-2023-earnings-call-transcript-1269874/
Mar-06-24,04:45PM,GOOG,"Myers Industries, Inc. (NYSE:MYE) Q4 2023 Earnings Call Transcript",https://www.insidermonkey.com/blog/myers-industries-inc-nysemye-q4-2023-earnings-call-transcript-1269873/
Mar-06-24,04:45PM,GOOG,"AxoGen, Inc. (NASDAQ:AXGN) Q4 2023 Earnings Call Transcript",https://www.insidermonkey.com/blog/axogen-inc-nasdaqaxgn-q4-2023-earnings-call-transcript-1269876/
Mar-06-24,04:45PM,GOOG,Dave Inc. (NASDAQ:DAVE) Q4 2023 Earnings Call Transcript,https://www.insidermonkey.com/blog/dave-inc-nasdaqdave-q4-2023-earnings-call-transcript-1269875/
Mar-06-24,04:45PM,GOOG,"Barfresh Food Group, Inc. (NASDAQ:BRFH) Q4 2023 Earnings Call Transcript",https://www.insidermonkey.com/blog/barfresh-food-group-inc-nasdaqbrfh-q4-2023-earnings-call-transcript-1269878/
Mar-06-24,04:45PM,GOOG,"Elon Musk wanted OpenAI to merge with Tesla or give him 'full control,' OpenAI says",https://qz.com/openai-elon-musk-lawsuit-emails-tesla-sam-altman-1851311380
Mar-06-24,04:45PM,GOOG,"Should You Buy the Worst-Performing ""Magnificent Seven"" Stock of the Past Decade?",https://finance.yahoo.com/m/164033de-c26c-397a-9987-7b595e4dd361/should-you-buy-the.html
Mar-06-24,04:45PM,GOOG,"1 ""Magnificent Seven"" Stock to Buy Hand Over Fist in March, and 1 to Avoid Like the Plague",https://finance.yahoo.com/m/a91a80d4-a8c4-3e85-a01c-3cb85b8650b4/1-%22magnificent-seven%22-stock.html
Mar-06-24,04:45PM,GOOG,OpenAI fires back at Musk allegations with trove of emails,https://www.digitimes.com/news/a20240306VL210.html
Mar-06-24,04:45PM,GOOG,"UMass Memorial, Google Cloud partner to connect patients with cardiometabolic drugs",https://finance.yahoo.com/m/04a6eaa2-d258-31a8-8600-c5f47bf84f7a/umass-memorial%2C-google-cloud.html
Mar-06-24,04:45PM,GOOG,5 Best March Dividend Stocks To Buy,https://www.insidermonkey.com/blog/5-best-march-dividend-stocks-to-buy-2-1269187/
Mar-06-24,04:45PM,GOOG,Europe's Digital Markets Act is forcing tech giants to make changes. Here's what that will look like,https://finance.yahoo.com/news/europes-digital-markets-act-forcing-051231799.html
Mar-05-24,10:12PM,GOOG,"Google temporarily sets aside disputes with developers, reinstating delisted apps from Play Store",https://www.digitimes.com/news/a20240306VL204/google-apps-india-play-store.html
Mar-05-24,10:12PM,GOOG,OpenAI Fires Back at Musk Allegations With Trove of Emails,https://finance.yahoo.com/news/openai-fires-back-musk-allegations-030213473.html
Mar-05-24,10:12PM,GOOG,UPDATE 1-Waymo robotaxi to begin driverless services for employees in Austin,https://finance.yahoo.com/news/1-waymo-robotaxi-begin-driverless-233141497.html
Mar-05-24,10:12PM,GOOG,Waymo robotaxi to begin driverless services for employees in Austin,https://finance.yahoo.com/news/waymo-robotaxi-begin-driverless-services-231251504.html
Mar-05-24,10:12PM,GOOG,Trim the Fat: 3 Overbought Stocks Poised for a Pullback,https://investorplace.com/2024/03/trim-the-fat-3-overbought-stocks-poised-for-a-pullback/
Mar-05-24,10:12PM,GOOG,Google is offering a $5 million prize to find practical uses for quantum computing,https://qz.com/google-competition-millions-quantum-computing-1851310464
Mar-05-24,10:12PM,GOOG,Alphabet Inc. (GOOG) Stock Moves -0.31%: What You Should Know,https://finance.yahoo.com/news/alphabet-inc-goog-stock-moves-224519495.html
Mar-05-24,10:12PM,GOOG,Google takes aim at SEO-optimized junk pages and spam with new search update,https://finance.yahoo.com/m/184ba699-20c9-3c4c-8ae6-d2b998de2cd2/google-takes-aim-at.html
Mar-05-24,10:12PM,GOOG,5 Best Dividend Stocks For Rising Interest Rates,https://www.insidermonkey.com/blog/5-best-dividend-stocks-for-rising-interest-rates-3-1269416/
Mar-05-24,10:12PM,GOOG,"Google will beat even OpenAI in the AI game, Kara Swisher says",https://qz.com/google-ai-open-ai-burn-book-kara-swisher-1851309824
Mar-05-24,10:12PM,GOOG,Amazon just copied Google and is letting customers leave its data ecosystem for free,https://qz.com/amazon-aws-google-cloud-data-fees-eu-1851309588
Mar-05-24,10:12PM,GOOG,YouTube and Facebook hit by mass tech outage,https://finance.yahoo.com/m/6275c313-b1bd-3b88-973a-19a79cf3a5e1/youtube-and-facebook-hit-by.html
Mar-05-24,10:12PM,GOOG,"Facebook, Instagram, Threads and YouTube Hit by Disruptions",https://www.investopedia.com/facebook-instagram-threads-and-youtube-hit-by-disruptions-8604399
Mar-05-24,10:12PM,GOOG,"Federal appeals court throws out lawsuit against Apple, Google, Tesla and other tech giants over alleged child labor in Congo",https://finance.yahoo.com/m/4e36ce15-cfcc-3a0e-b7f4-f3f8d318cfde/federal-appeals-court-throws.html
Mar-05-24,10:12PM,GOOG,"UPDATE 4-US court sides with Apple, Tesla, other tech companies over child labor in Africa",https://finance.yahoo.com/news/rpt-3-us-court-sides-184413536.html
Mar-05-24,10:12PM,GOOG,"Hedge Fund and Insider Trading News: Chase Coleman, Crispin Odey, D.E. Shaw, Balyasny Asset Management, Devon Energy Corp (DVN), Citi Trends, Inc. (CTRN), and More",https://www.insidermonkey.com/blog/hedge-fund-and-insider-trading-news-chase-coleman-crispin-odey-d-e-shaw-balyasny-asset-management-devon-energy-corp-dvn-citi-trends-inc-ctrn-and-more-1269528/
Mar-05-24,10:12PM,GOOG,Why Kara Swisher thinks Google's AI will surpass OpenAI,https://qz.com/why-kara-swisher-thinks-googles-ai-will-surpass-openai-1851309223
Mar-05-24,10:12PM,GOOG,20 Highest Quality Sunscreen Brands in 2024,https://www.insidermonkey.com/blog/20-highest-quality-sunscreen-brands-in-2024-1269047/
Mar-05-24,10:12PM,GOOG,"Why Apple Stock Keeps Dropping, and What Could Turn It Around",https://finance.yahoo.com/m/c76aec8e-1ff6-3209-9ed3-845335d84490/why-apple-stock-keeps.html
Mar-05-24,10:12PM,GOOG,Google Announces Changes for EU Users to Comply With the DMA,https://www.investopedia.com/google-announces-changes-for-eu-users-to-comply-with-the-dma-8604230
Mar-05-24,10:12PM,GOOG,Apple is throwing a hissy fit over EU antitrust rulesand its not paying off,https://finance.yahoo.com/news/apple-throwing-hissy-fit-over-162657014.html
Mar-05-24,10:12PM,GOOG,Amazon's AWS removes data transfer fees for clients switching to rivals,https://finance.yahoo.com/news/amazons-aws-removes-data-transfer-155708950.html
Mar-05-24,10:12PM,GOOG,"The Boston Beer Company, Inc. (NYSE:SAM) Q4 2023 Earnings Call Transcript",https://www.insidermonkey.com/blog/the-boston-beer-company-inc-nysesam-q4-2023-earnings-call-transcript-1269212/
Mar-05-24,10:12PM,GOOG,Clarivate Plc (NYSE:CLVT) Q4 2023 Earnings Call Transcript,https://www.insidermonkey.com/blog/clarivate-plc-nyseclvt-q4-2023-earnings-call-transcript-1269210/
Mar-05-24,10:12PM,GOOG,Warby Parker Inc. (NYSE:WRBY) Q4 2023 Earnings Call Transcript,https://www.insidermonkey.com/blog/warby-parker-inc-nysewrby-q4-2023-earnings-call-transcript-1269232/
Mar-05-24,10:12PM,GOOG,Redfin Corporation (NASDAQ:RDFN) Q4 2023 Earnings Call Transcript,https://www.insidermonkey.com/blog/redfin-corporation-nasdaqrdfn-q4-2023-earnings-call-transcript-1269224/
Mar-05-24,10:12PM,GOOG,Park Hotels & Resorts Inc. (NYSE:PK) Q4 2023 Earnings Call Transcript,https://www.insidermonkey.com/blog/park-hotels-resorts-inc-nysepk-q4-2023-earnings-call-transcript-1269214/
Mar-05-24,10:12PM,GOOG,Devon Energy Corporation (NYSE:DVN) Q4 2023 Earnings Call Transcript,https://www.insidermonkey.com/blog/devon-energy-corporation-nysedvn-q4-2023-earnings-call-transcript-1269226/
Mar-05-24,10:12PM,GOOG,"Universal Health Services, Inc. (NYSE:UHS) Q4 2023 Earnings Call Transcript",https://www.insidermonkey.com/blog/universal-health-services-inc-nyseuhs-q4-2023-earnings-call-transcript-1269219/
Mar-05-24,10:12PM,GOOG,Novanta Inc. (NASDAQ:NOVT) Q4 2023 Earnings Call Transcript,https://www.insidermonkey.com/blog/novanta-inc-nasdaqnovt-q4-2023-earnings-call-transcript-1269227/
Mar-05-24,10:12PM,GOOG,Definitive Healthcare Corp. (NASDAQ:DH) Q4 2023 Earnings Call Transcript,https://www.insidermonkey.com/blog/definitive-healthcare-corp-nasdaqdh-q4-2023-earnings-call-transcript-1269234/
Mar-05-24,10:12PM,GOOG,Perrigo Company plc (NYSE:PRGO) Q4 2023 Earnings Call Transcript,https://www.insidermonkey.com/blog/perrigo-company-plc-nyseprgo-q4-2023-earnings-call-transcript-1269215/
Mar-05-24,10:12PM,GOOG,Masimo Corporation (NASDAQ:MASI) Q4 2023 Earnings Call Transcript,https://www.insidermonkey.com/blog/masimo-corporation-nasdaqmasi-q4-2023-earnings-call-transcript-1269216/
Mar-05-24,10:12PM,GOOG,Open Lending Corporation (NASDAQ:LPRO) Q4 2023 Earnings Call Transcript,https://www.insidermonkey.com/blog/open-lending-corporation-nasdaqlpro-q4-2023-earnings-call-transcript-1269213/
Mar-05-24,10:12PM,GOOG,National Storage Affiliates Trust (NYSE:NSA) Q4 2023 Earnings Call Transcript,https://www.insidermonkey.com/blog/national-storage-affiliates-trust-nysensa-q4-2023-earnings-call-transcript-1269243/
Mar-05-24,10:12PM,GOOG,US appeals court dismisses child labor case against tech companies,https://finance.yahoo.com/news/us-appeals-court-dismisses-child-153929047.html
Mar-05-24,10:12PM,GOOG,Magnificent 7 could easily become the 'Lag 7': Strategist,https://finance.yahoo.com/video/magnificent-7-could-easily-become-150203982.html
Mar-05-24,10:12PM,GOOG,'Magnificent Seven' tech stocks lose steam as AI hype fades,https://finance.yahoo.com/video/magnificent-seven-tech-stocks-lose-144806013.html
Mar-05-24,10:12PM,GOOG,"AeroVironment, Inc. (NASDAQ:AVAV) Q3 2024 Earnings Call Transcript",https://www.insidermonkey.com/blog/aerovironment-inc-nasdaqavav-q3-2024-earnings-call-transcript-1269280/
Mar-05-24,10:12PM,GOOG,"Stereotaxis, Inc. (AMEX:STXS) Q4 2023 Earnings Call Transcript",https://www.insidermonkey.com/blog/stereotaxis-inc-amexstxs-q4-2023-earnings-call-transcript-1269270/
Mar-05-24,10:12PM,GOOG,ThredUp Inc. (NASDAQ:TDUP) Q4 2023 Earnings Call Transcript,https://www.insidermonkey.com/blog/thredup-inc-nasdaqtdup-q4-2023-earnings-call-transcript-1269273/
Mar-05-24,10:12PM,GOOG,"LL Flooring Holdings, Inc. (NYSE:LL) Q4 2023 Earnings Call Transcript",https://www.insidermonkey.com/blog/ll-flooring-holdings-inc-nysell-q4-2023-earnings-call-transcript-1269269/
Mar-05-24,10:12PM,GOOG,Sohu.com Limited (NASDAQ:SOHU) Q4 2023 Earnings Call Transcript,https://www.insidermonkey.com/blog/sohu-com-limited-nasdaqsohu-q4-2023-earnings-call-transcript-1269272/
Mar-05-24,10:12PM,GOOG,Tecnoglass Inc. (NYSE:TGLS) Q4 2023 Earnings Call Transcript,https://www.insidermonkey.com/blog/tecnoglass-inc-nysetgls-q4-2023-earnings-call-transcript-1269267/
Mar-05-24,10:12PM,GOOG,Fidus Investment Corporation (NASDAQ:FDUS) Q4 2024 Earnings Call Transcript,https://www.insidermonkey.com/blog/fidus-investment-corporation-nasdaqfdus-q4-2024-earnings-call-transcript-1269263/
Mar-05-24,10:12PM,GOOG,"Globalstar, Inc. (AMEX:GSAT) Q4 2023 Earnings Call Transcript",https://www.insidermonkey.com/blog/globalstar-inc-amexgsat-q4-2023-earnings-call-transcript-1269245/
Mar-05-24,10:12PM,GOOG,"CRA International, Inc. (NASDAQ:CRAI) Q4 2023 Earnings Call Transcript",https://www.insidermonkey.com/blog/cra-international-inc-nasdaqcrai-q4-2023-earnings-call-transcript-1269255/
Mar-05-24,10:12PM,GOOG,"Ekso Bionics Holdings, Inc. (NASDAQ:EKSO) Q4 2023 Earnings Call Transcript",https://www.insidermonkey.com/blog/ekso-bionics-holdings-inc-nasdaqekso-q4-2023-earnings-call-transcript-1269276/
Mar-05-24,10:12PM,GOOG,"LENSAR, Inc. (NASDAQ:LNSR) Q4 2023 Earnings Call Transcript",https://www.insidermonkey.com/blog/lensar-inc-nasdaqlnsr-q4-2023-earnings-call-transcript-1269274/
Mar-05-24,10:12PM,GOOG,"Cara Therapeutics, Inc. (NASDAQ:CARA) Q4 2023 Earnings Call Transcript",https://www.insidermonkey.com/blog/cara-therapeutics-inc-nasdaqcara-q4-2023-earnings-call-transcript-1269278/
Mar-05-24,10:12PM,GOOG,Modiv Inc. (NYSE:MDV) Q4 2024 Earnings Call Transcript,https://www.insidermonkey.com/blog/modiv-inc-nysemdv-q4-2024-earnings-call-transcript-1269285/
Mar-05-24,10:12PM,GOOG,"Global Net Lease, Inc. (NYSE:GNL) Q4 2023 Earnings Call Transcript",https://www.insidermonkey.com/blog/global-net-lease-inc-nysegnl-q4-2023-earnings-call-transcript-1269211/
Mar-05-24,10:12PM,GOOG,How Artificial Intelligence Could Trigger a Natural Gas Boom in Europe,https://www.prnewswire.com/news-releases/how-artificial-intelligence-could-trigger-a-natural-gas-boom-in-europe-302079566.html
Mar-05-24,10:12PM,GOOG,"These 4 ""Magnificent Seven"" Stocks Are Brilliant Buys in March",https://finance.yahoo.com/m/f89d2fdb-cf13-3603-92b1-b4cf6a45ca07/these-4-%22magnificent-seven%22.html
Mar-05-24,10:12PM,GOOG,"Want $1 Million in Retirement? Invest $50,000 in These 3 Stocks and Wait a Decade.",https://finance.yahoo.com/m/5f7cafe7-6322-32f5-9d4d-bd9613b599e9/want-%241-million-in.html
Mar-05-24,10:12PM,GOOG,"Alphabet Stock Has 24% Upside, According to 1 Wall Street Analyst",https://finance.yahoo.com/m/8bcc3b20-0449-3f4c-a386-4df00aca5d56/alphabet-stock-has-24%25.html
Mar-05-24,10:12PM,GOOG,UPDATE 2-Google relists Indian apps in U-turn after government criticism,https://finance.yahoo.com/news/1-google-agrees-restore-deleted-102134161.html
Mar-05-24,10:12PM,GOOG,Google employee accuses tech giant of powering genocide in Israel,https://finance.yahoo.com/m/07c655c4-5bf8-3343-85b9-7244d3b514a7/google-employee-accuses-tech.html
Mar-05-24,10:12PM,GOOG,"Google rolls out changes for users, apps developers as EU tech rules loom",https://finance.yahoo.com/news/google-rolls-changes-users-apps-100251806.html
Mar-05-24,10:12PM,GOOG,"Google agrees to restore deleted Indian apps, IT minister says",https://finance.yahoo.com/news/google-agrees-restore-deleted-indian-100148886.html
Mar-05-24,10:12PM,GOOG,"OpenAI's ChatGPT, Google's Gemini, and Microsoft's Copilot are experimenting with ads",https://qz.com/openai-chatgpt-microsoft-copilot-google-gemini-ads-ai-1851306159
Mar-05-24,10:12PM,GOOG,"Dell Just Gave Nvidia and AMD Investors Something to Cheer -- and Amazon, Microsoft, and Google Investors Something to Perhaps Fear",https://finance.yahoo.com/m/8f6548e7-22da-3a09-bec2-716cd958813f/dell-just-gave-nvidia-and-amd.html
Mar-05-24,10:12PM,GOOG,5 Best Pharma Dividend Stocks To Buy in 2024,https://www.insidermonkey.com/blog/5-best-pharma-dividend-stocks-to-buy-in-2024-1268898/
Mar-05-24,10:12PM,GOOG,Trump Will Take Super Tuesday. The Mag 7 Stocks Could Pay.,https://finance.yahoo.com/m/70c6137b-f960-39ae-b8e0-1264a5ce0a4e/trump-will-take-super.html
Mar-04-24,08:27PM,GOOG,5 Best Small Cap Pharma Stocks to Invest In,https://www.insidermonkey.com/blog/5-best-small-cap-pharma-stocks-to-invest-in-1263781/
Mar-04-24,08:27PM,GOOG,Artificial Intelligence Could Trigger a Natural Gas Boom in Europe,https://finance.yahoo.com/news/artificial-intelligence-could-trigger-natural-010000583.html
Mar-04-24,08:27PM,GOOG,"Google seems to have the most difficulty executing when it comes to AI, says Perplexity CEO",https://www.youtube.com/watch?v=f_dHRskO9rs
Mar-04-24,08:27PM,GOOG,RPT-Indian startups ask antitrust body to order Google to restore apps after 'brazen' move,https://finance.yahoo.com/news/rpt-indian-startups-ask-antitrust-233000133.html
Mar-04-24,08:27PM,GOOG,Google co-founder says company 'definitely messed up' on Gemini's image generation,https://finance.yahoo.com/news/google-co-founder-says-company-232249625.html
Mar-04-24,08:27PM,GOOG,Analyst Report: Alphabet Inc.,https://finance.yahoo.com/m/8944f376-ca52-31fa-8f67-9e44e19f5e9a/analyst-report%3A-alphabet-inc..html
Mar-04-24,08:27PM,GOOG,Anthropic claims its new AI chatbot models beat OpenAI's GPT-4,https://finance.yahoo.com/m/a0383b8c-ac45-3f53-905b-a8ace2bf6838/anthropic-claims-its-new-ai.html
Mar-04-24,08:27PM,GOOG,What To Expect From This Week's US Labor Market Reports,https://www.investopedia.com/what-to-expect-from-this-weeks-us-labor-market-reports-8603979
Mar-04-24,08:27PM,GOOG,Gen AI and the Mag 7: The battle for AI dominance heats up,https://finance.yahoo.com/video/gen-ai-mag-7-battle-223246736.html
